number,english,chinese
001,Stick out your thumb,伸出大拇指
002,Thump your chest,捶胸口
003,High five,击掌
004,Clap your hands,拍拍手
005,Stomp your feet,跺跺脚
006,Wave your arms,挥动双臂
007,Wave your hands,挥动双手
008,Wiggle your fingers,扭动手指
009,Straighten your arms,伸直手臂
010,Cross your arms,交叉双臂
011,Grab your ears,抓住耳朵
012,Grab my arms,抓住我的手臂
013,Touch your chin,摸摸下巴
014,Pinch your tummy,捏肚子
015,Pinch your leg,捏腿
016,Pinch your bottom,捏屁股
017,Do a fist pump,握拳鼓劲
018,Comb your hair,梳头
019,Point to your nose,指鼻子
020,Touch your belly button,摸摸肚脐眼
021,Rub your earlobe,摸耳垂
022,Touch your elbows,摸摸手肘
023,Rub your tummy,揉揉肚子
024,Rub your arm,揉揉手臂
025,Rub your hands,搓搓手
026,Tap your nose,点点鼻子
027,Pull your ears,揪耳朵
028,Pull your hair,扯头发
029,Shake your head,摇摇头
030,Shake your shoulders,晃肩膀
031,Shake your fingers,抖动手指
032,Shake your legs,晃腿
033,Shake your feet,晃脚
034,Shake your toes,晃脚趾头
035,Snap your fingers,打个响指
036,Put your hands up,举起双手
037,Point your finger up,手指向上
038,Point your finger down,手指向下
039,Sit down,坐下
040,Stand up,站起来
041,Make a sad face,做个伤心的表情
042,Make an angry face,做个愤怒的表情
043,Make a scared face,做个害怕的表情
044,Make a sleepy face,做个困倦的表情
045,Blink your eyes,眨眼睛
046,Close your eyes,闭上眼睛
047,Open your eyes,睁开眼睛
048,Open your mouth,张开嘴巴
049,Touch your eyebrow,摸眉毛
050,Touch your eyelashes,摸睫毛
051,Touch your mouth,摸嘴巴
052,Touch your face,摸摸脸
053,Touch your head,摸摸头
054,Touch your nose,摸鼻子
055,Touch your cheeks,摸脸颊
056,Pinch your cheek,捏脸颊
057,Pinch your face,捏脸
058,Pinch your nose,捏鼻子
059,Cover your ears,捂住耳朵
060,Cover your eyes,捂住眼睛
061,Cover your mouth,捂住嘴巴
062,Sniff with your nose,用鼻子嗅一嗅
063,Give a big yawn,打个大哈欠
064,Rub your eyes,揉眼睛
065,Rub your face,揉揉脸
066,Puff out your cheeks,鼓起脸颊
067,Stick out your tongue,伸舌头
068,Lick your lips,舔舔嘴唇
069,Put your tongue back in,把舌头收回去
070,Blow a kiss,飞吻
071,Lift your chin,抬下巴
072,Nod your head,点头
073,Turn your head,转头
074,Wink,眨一只眼睛
075,Wipe your mouth,擦嘴巴
076,Take a deep breath,深呼吸
077,Raise your head,抬头
078,Furrow your eyebrows,皱眉
079,Make a happy face,做个开心的表情
080,Take a photo,照相
081,Turn on the faucet,打开水龙头
082,Turn on the TV,打开电视
083,Turn on the computer,打开电脑
084,Turn on the light,打开灯
085,Hang it up,挂起来
086,Run quickly,跑快点
087,Hop,单腿跳
088,Walk,走
089,Crawl,爬行
090,Jump,跳
091,Skip,蹦蹦跳跳
092,Press the button,按按钮
093,Press your coat,按住你的衣服
094,Eat breakfast,吃早饭
095,Eat lunch,吃午饭
096,Eat dinner,吃晚饭
097,Eat an apple,吃苹果
098,Eat a banana,吃香蕉
099,Drink some water,喝水
100,Drink some milk,喝奶
101,Ring the doorbell,按门铃
102,Call Daddy,给爸爸打电话
103,Wake up Daddy,叫醒爸爸
104,Let me tickle you,挠痒痒
105,Take a nap,小睡一会儿
106,Give a morning kiss,早安亲亲
107,Let Mommy hug you,让妈妈抱抱你
108,Take off your diaper,脱尿布
109,Put on your diaper,穿尿布
110,Go pee-pee,去尿尿
111,Go poo-poo,去拉臭臭
112,Time to sleep,到睡觉时间了
113,Time to wake up,该起床了
114,Time for milk,该喝奶了
115,Time for lunch,该吃午饭了
116,Let's go,我们走
117,Go to bed,上床准备睡觉
118,Go to sleep,入睡
119,Lie on your tummy,趴着
120,Brush your teeth,刷牙
121,Soak your feet,泡脚
122,Wash your feet,洗脚
123,Kiss on the cheek,亲亲脸颊
124,Dry your hands,擦干手
125,Dry your feet,擦干脚
126,Dry your body,擦干身体
127,Make the bed,整理床铺
128,Take off your clothes,脱衣服
129,Take off your shoes,脱鞋
130,Take off your hat,摘帽子
131,Take off your socks,脱袜子
132,Take off your pants,脱裤子
133,Take off your jacket,脱外套
134,Take off your scarf,取下围巾
135,Put on your hat,戴上帽子
136,Put on your coat,穿上外套
137,Put on your pants,穿上裤子
138,Put on your socks,穿上袜子
139,Put on your shoes,穿上鞋子
140,Get dressed,穿衣服
141,Take a bath,泡澡
142,Take a shower,淋浴
143,Sweep the floor,扫地
144,Put away your toys,把玩具放回收纳处
145,Put away your books,把书放回书架
146,Clean up your toys,整理散落的玩具
147,Clean up your books,整理散落的书
148,Pick up your toys,捡起地上的玩具
149,Pick up your books,捡起地上的书
150,Pick up the rubbish,捡起垃圾
151,Wash the dishes,洗碗
152,Pick it up,拿起来
153,Put it back,放回去
154,Start work,开始工作
155,Tidy up,整理房间
156,Clean the house,打扫房间
157,Get up,起床
158,Moo like a cow,学牛叫
159,Quack like a duck,学鸭子叫
160,Woof like a dog,学狗叫
161,Meow like a cat,学猫叫
162,Waddle like a duck,像鸭子一样摇摇摆摆
163,Find something pink,找找粉色的东西
164,Find something red,找找红色的东西
165,Find something green and white,找找白绿相间的东西
166,Find something square,找找方形的东西
167,Find something circular,找找圆形的东西
168,Turn in a circle,转圈圈
169,Roll over,翻滚
170,Walk around the puddle,绕开水坑走
171,Turn left,向左转
172,Turn right,向右转
173,Go forward,向前走
174,Go backwards,向后走
175,Look up,向上看
176,Look down,向下看
177,Come here,过来
178,Come back,回来
179,Stand back,往后退
180,Move in,往里走
181,Kick the ball,踢球
182,Ride the bike,骑自行车
183,Row the boat,划船
184,Drive the car,开车
185,Fly the airplane,开飞机
186,Open and shut,开开关关
187,Up and down,上上下下
188,Go down the steps,下台阶
189,Roll the ball,滚球
190,Pass the ball,传球
191,Catch the ball,接球
192,Roar like a lion,学狮子吼叫
193,Bounce the ball,拍球
194,Play with the puzzles,拼拼图
195,Play with the blocks,搭积木
196,Play with the doll,玩洋娃娃
197,Play on the slide,滑滑梯
198,Play on the swing,荡秋千
199,Tie your shoes,系鞋带
200,Fasten your shoe,扣好鞋子（粘好魔术贴）
